{
  "project_info": {
    "project_number": "793022238679",
    "project_id": "lite-tally012007",
    "storage_bucket": "lite-tally012007.firebasestorage.app"
  },
  "client": [
    {
      "client_info": {
        "mobilesdk_app_id": "1:793022238679:android:d01fc822f1f98db0934592",
        "android_client_info": {
          "package_name": "com.liteaccounts"
        }
      },
      "oauth_client": [],
      "api_key": [
        {
          "current_key": "AIzaSyAgHjeVxsd7S8ONHd3zU5P-VujVj8VQEnc"
        }
      ],
      "services": {
        "appinvite_service": {
          "other_platform_oauth_client": []
        }
      }
    }
  ],
  "configuration_version": "1"
}